{
  "shapes": {
    "PIXEL": [
      [
        [
          1
        ]
      ]
    ]
  }, 
  "tipo_juego": "SNAKE", 
  "config": {
    "grid_size": [
      18, 
      18
    ]
  }, 
  "events": {
    "ON_KEY_DOWN": [
      {
        "params": [], 
        "accion": "SET_DIRECTION", 
        "objeto": "DOWN"
      }
    ], 
    "ON_EAT_FOOD": [
      {
        "params": [], 
        "accion": "INCREASE_SCORE", 
        "objeto": "10"
      }, 
      {
        "params": [
          "1"
        ], 
        "accion": "GROW", 
        "objeto": "PLAYER"
      }, 
      {
        "params": [
          "RANDOM"
        ], 
        "accion": "SPAWN", 
        "objeto": "FOOD"
      }
    ], 
    "ON_KEY_RIGHT": [
      {
        "params": [], 
        "accion": "SET_DIRECTION", 
        "objeto": "RIGHT"
      }
    ], 
    "ON_TICK": [
      {
        "params": [
          "FORWARD"
        ], 
        "accion": "MOVE", 
        "objeto": "PLAYER"
      }
    ], 
    "ON_COLLISION_WALL": [
      {
        "params": [], 
        "accion": "GAME_OVER", 
        "objeto": null
      }
    ], 
    "ON_COLLISION_SELF": [
      {
        "params": [], 
        "accion": "GAME_OVER", 
        "objeto": null
      }
    ], 
    "ON_START": [
      {
        "params": [
          [
            9, 
            9
          ]
        ], 
        "accion": "SPAWN", 
        "objeto": "PLAYER"
      }, 
      {
        "params": [
          "RANDOM"
        ], 
        "accion": "SPAWN", 
        "objeto": "FOOD"
      }
    ], 
    "ON_KEY_UP": [
      {
        "params": [], 
        "accion": "SET_DIRECTION", 
        "objeto": "UP"
      }
    ], 
    "ON_KEY_LEFT": [
      {
        "params": [], 
        "accion": "SET_DIRECTION", 
        "objeto": "LEFT"
      }
    ]
  }
}